Toronto,5429524
Montréal,3519595
Vancouver,2264823
Calgary,1239220
Edmonton,1062643
Ottawa,989567
Mississauga,721599
Winnipeg,705244
Quebec City,705103
Hamilton,693645
Brampton,593638
Surrey,517887
Kitchener,470015
Laval,422993
Halifax,403131
London,383822
Victoria,335696
Markham,328966
St. Catharines,309319
Niagara Falls,308596
Vaughan,306233
Gatineau,276245
Windsor,276165
Saskatoon,246376
Longueuil,239700
Burnaby,232755
Regina,215106
Richmond,198309
Richmond Hill,195022
Oakville,193832
Burlington,183314
Barrie,172657
Oshawa,166000
Sherbrooke,161323
Saguenay,144746
Lévis,143414
Kelowna,142146
Abbotsford,141397
Coquitlam,139284
Trois-Rivières,134413
Guelph,131794
Cambridge,129920
Whitby,128377
Ajax,119677
Langley,117285
Saanich,114148
Terrebonne,111575
Milton,110128
St. John's,108860.00
Moncton,108620
Thunder Bay,107909
Dieppe,107068
Waterloo,104986
Delta,102238
Chatham,101647.00
Red Deer,100418
Kamloops,100046
Brantford,97496
Cape Breton,94285
Lethbridge,92729
Saint-Jean-sur-Richelieu,92394
Clarington,92013
Pickering,91771
Nanaimo,90504
Sudbury,88054
North Vancouver,85935.00
Brossard,85721
Repentigny,84965
Newmarket,84224
Chilliwack,83788
White Rock,82368
Maple Ridge,82256
Peterborough,82094
Kawartha Lakes,75423
Prince George,74003
Sault Ste. Marie,73368
Sarnia,71594
Wood Buffalo,71589.00
New Westminster,70996
Châteauguay,70812
Saint-Jérôme,69598
Drummondville,68601
Saint John,67575
Caledon,66502
St. Albert,65589
Granby,63433
Medicine Hat,63260
Grande Prairie,63166
St. Thomas,61707
Airdrie,61581
Halton Hills,61161
Saint-Hyacinthe,59614
Lac-Brome,58889
Port Coquitlam,58612
Fredericton,58220
Blainville,56363
Aurora,55445
Welland,52293
North Bay,51553
Beloeil,50796
Belleville,50716
Mirabel,50513
Shawinigan,50060
Dollard-des-Ormeaux,49637
Brandon,48859
Rimouski,48664
Cornwall,46589
Stouffville,45837
Georgina,45418
Victoriaville,45309
Vernon,44600
Duncan,44451
Saint-Eustache,44154
Quinte West,43577
Charlottetown,42602
Mascouche,42491
West Vancouver,42473
Salaberry-de-Valleyfield,42410
Rouyn-Noranda,42334
Timmins,41788
Sorel-Tracy,41629
New Tecumseth,41439
Woodstock,40902
Boucherville,40753
Mission,38833
Vaudreuil-Dorion,38117
Brant,36707
Lakeshore,36611.00
Innisfil,36566
Prince Albert,35926
Langford Station,35342
Bradford West Gwillimbury,35325
Campbell River,35138
Spruce Grove,34066
Moose Jaw,33890
Penticton,33761
Port Moody,33551
Leamington,32991
East Kelowna,32655
Côte-Saint-Luc,32448.00
Val-d’Or,31862
Owen Sound,31820
Stratford,31465
Lloydminster,31410
Pointe-Claire,31380
Orillia,31166
Alma,30904
Orangeville,30734
Fort Erie,30710
LaSalle,30180
Sainte-Julie,30104
Leduc,29993
North Cowichan,29676
Chambly,29120.00
Okotoks,28881
Sept-Îles,28534
Centre Wellington,28191
Saint-Constant,27359
Grimsby,27314
Boisbriand,26884
Conception Bay South,26199
Saint-Bruno-de-Montarville,26107
Sainte-Thérèse,26025
Cochrane,25853
Thetford Mines,25709
Courtenay,25599
Magog,25358
Whitehorse,25085.00
Woolwich,25006
Clarence-Rockland,24512
Fort Saskatchewan,24149
East Gwillimbury,23991
Lincoln,23787
La Prairie,23357
Tecumseh,23229
Mount Pearl Park,22957
Amherstburg,21936
Saint-Lambert,21861
Brockville,21854
Collingwood,21793
Scugog,21617
Kingsville,21552
Baie-Comeau,21536
Paradise,21389
Uxbridge,21176
Essa,21083
Candiac,21047
Oro-Medonte,21036
Varennes,20994
Strathroy-Caradoc,20867
Wasaga Beach,20675
New Glasgow,20609
Wilmot,20545
Essex,20427
Fort St. John,20155
Kirkland,20151
L’Assomption,20065
Westmount,19931
Saint-Lazare,19889
Chestermere,19887
Huntsville,19816
Corner Brook,19806.00
Riverview,19667
Lloydminster,19645.00
Joliette,19621
Yellowknife,19569.00
Squamish,19512
Mont-Royal,19503
Rivière-du-Loup,19447
Cobourg,19440
Cranbrook,19259
Beaconsfield,19115
Springwater,19059
Dorval,18980
Thorold,18801
Camrose,18742
South Frontenac,18646
Pitt Meadows,18573
Port Colborne,18306
Quispamsis,18245
Mont-Saint-Hilaire,18200
Bathurst,18154
Saint-Augustin-de-Desmaures,18141
Oak Bay,18094
Sainte-Marthe-sur-le-Lac,18074
Salmon Arm,17706
Port Alberni,17678
Esquimalt,17655
Deux-Montagnes,17553
Miramichi,17537.00
Niagara-on-the-Lake,17511
Saint-Lin--Laurentides,17463
Beaumont,17396
Middlesex Centre,17262
Inverness,17235
Stony Plain,17189
Petawawa,17187
Pelham,17110
Selwyn,17060
Loyalist,16971
Midland,16864
Colwood,16859
Central Saanich,16814
Sainte-Catherine,16762
Port Hope,16753
L’Ancienne-Lorette,16745
Saint-Basile-le-Grand,16736
Swift Current,16604
Edmundston,16580
Russell,16520
North Grenville,16451
Yorkton,16343
Tracadie,16114.00
Bracebridge,16010
Greater Napanee,15892
Tillsonburg,15872
Steinbach,15829
Hanover,15733
Terrace,15723
Springfield,15342
Gaspé,15163
Kenora,15096
Cold Lake,14961
Summerside,14829
Comox,14828
Sylvan Lake,14816
Pincourt,14558
West Lincoln,14500
Matane,14462
Brooks,14451
Sainte-Anne-des-Plaines,14421.00
West Nipissing / Nipissing Ouest,14364
Rosemère,14294
Mistassini,14250.00
Grand Falls,14171.00
Clearview,14151
St. Clair,14086
Canmore,13992
North Battleford,13888
Pembroke,13882
Mont-Laurier,13779
Strathmore,13756
Saugeen Shores,13715
Thompson,13678
Lavaltrie,13657
High River,13584
Severn,13477
Sainte-Sophie,13375
Saint-Charles-Borromée,13321
Portage La Prairie,13304
Thames Centre,13191
Mississippi Mills,13163
Powell River,13157
South Glengarry,13150
North Perth,13130
Mercier,13115
South Stormont,13110
Saint-Colomban,13080
Lacombe,13057
Sooke,13001
Dawson Creek,12978
Lake Country,12922
Trent Hills,12900
Sainte-Marie,12889
Guelph/Eramosa,12854
Truro,12826
Amos,12823
The Nation / La Nation,12808
Ingersoll,12757
Winkler,12660
Wetaskiwin,12655
Central Elgin,12607
Lachute,12551
West Grey,12518
Parksville,12514
Cowansville,12489
Bécancour,12438
Gravenhurst,12311
Perth East,12261
Prince Rupert,12220
Prévost,12171
Sainte-Adèle,12137
Kentville,12088
Beauharnois,12011
Les Îles-de-la-Madeleine,12010
Wellington North,11914
St. Andrews,11913
Carleton Place,11901
Whistler,11854
Brighton,11844
Tiny,11787
Gander,11688
Sidney,11672
Rothesay,11659
Brock,11642
Summerland,11615
Val-des-Monts,11582
Taché,11568
Montmagny,11491
Erin,11439
Kincardine,11389
North Dundas,11278
Wellesley,11260
Estevan,11258
North Saanich,11249
Warman,11020
La Tuque,11001.00
Norwich,11001
Meaford,10991
Adjala-Tosorontio,10975
Hamilton Township,10942.00
St. Clements,10876
Saint-Amable,10870
Weyburn,10870
South Dundas,10833
L’Île-Perrot,10756
Notre-Dame-de-l'Île-Perrot,10756
Williams Lake,10753
Elliot Lake,10741
Cantley,10699
Nelson,10664
Lambton Shores,10631
Mapleton,10527.00
Georgian Bluffs,10479
Rawdon,10416
Campbellton,10411
View Royal,10408
Coldstream,10314
Chester,10310
Queens,10307
Selkirk,10278
Saint-Félicien,10278
Hawkesbury,10263
Roberval,10227
Sainte-Agathe-des-Monts,10223
North Dumfries,10215
Rideau Lakes,10207
Sechelt,10200
North Glengarry,10109
South Huron,10096
Marieville,10094
Tay,10033
Temiskaming Shores,9920
Hinton,9882
Saint-Sauveur,9881
Quesnel,9879
Elizabethtown-Kitley,9854
Morinville,9848
Grey Highlands,9804
Stratford,9706
Alfred and Plantagenet,9680
Mont-Tremblant,9646
Martensville,9645
Saint-Raymond,9615
Amherst,9550
Ramara,9488
Bois-des-Filion,9485
Leeds and the Thousand Islands,9465
Carignan,9462
Brockton,9461
Laurentian Valley,9387
East St. Paul,9372
Lorraine,9352
Sainte-Julienne,9331
Blackfalds,9328
Malahide,9292
Oromocto,9223
Olds,9184
Huron East,9138
Stanley,9038.00
Penetanguishene,8962
Qualicum Beach,8943
Notre-Dame-des-Prairies,8868
West Perth,8865
Cavan Monaghan,8829
Arnprior,8795
Smiths Falls,8780
Pont-Rouge,8723
Champlain,8706
Coaticook,8698
Minto,8671
Morden,8668
Mono,8609
Corman Park No. 344,8568.00
Ladysmith,8537
Bridgewater,8532
Dauphin,8457.00
Otterburn Park,8450
Taber,8428
South Bruce Peninsula,8416
Edson,8414
Farnham,8330
Kapuskasing,8292
La Malbaie,8271
Renfrew,8223
Coaldale,8215
Portugal Cove-St. Philip's,8147
Zorra,8138
Kitimat,8131
Shelburne,8126
Happy Valley,8109.00
Saint-Hippolyte,8083
Castlegar,8039
Church Point,8018
Drumheller,7982
Kirkland Lake,7981
Argyle,7899
Torbay,7899
La Pêche,7863
Banff,7847
Innisfail,7847
Nicolet,7828
Rockwood,7823
Drummond/North Elmsley,7773
Dryden,7749
Iqaluit,7740.00
Fort Frances,7739
La Sarre,7719
Trail,7709
Chandler,7703
Stone Mills,7702
Hanover,7688
South-West Oxford,7664
Acton Vale,7664
Bromont,7649
Beckwith,7644
Goderich,7628
Plympton-Wyoming,7576
Central Huron,7576
Rigaud,7566
Louiseville,7517
Chibougamau,7504
Aylmer,7492
Delson,7462
Kimberley,7425
Blandford-Blenheim,7399
Bayham,7396
Augusta,7353
Puslinch,7336
Beauport,7281
Saint-Rémi,7265
St. Marys,7265
Drayton Valley,7235
Ponoka,7229
Labrador City,7220
Donnacona,7200
Southgate,7190
McNab/Braeside,7178
Macdonald,7162
Hampstead,7153
Baie-Saint-Paul,7146
Merritt,7139
Bluewater,7136
East Zorra-Tavistock,7129
Brownsburg,7122.00
Stoneham-et-Tewkesbury,7106
Asbestos,7096
Huron-Kinloss,7069
Coteau-du-Lac,7044
The Blue Mountains,7025
Whitewater Region,7009
Edwardsburgh/Cardinal,6959
Sainte-Anne-des-Monts,6933
Old Chelsea,6909
North Stormont,6873
Alnwick/Haldimand,6869
Peace River,6842
Arran-Elderslie,6803
Saint-Zotique,6773
Val-Shefford,6711
Douro-Dummer,6709
Plessisville,6688
Ritchot,6679
Otonabee-South Monaghan,6670
Shediac,6664
Slave Lake,6651
Port-Cartier,6651
Saint-Lambert-de-Lauzon,6647.00
Barrington,6646
Rocky Mountain House,6635
Chatsworth,6630
Stephenville,6623
Muskoka Falls,6588.00
Devon,6578
Yarmouth,6518
Boischatel,6465
Parry Sound,6408
Pointe-Calumet,6396
Beaubassin East / Beaubassin-est,6376.00
Wainfleet,6372
Cramahe,6355
Beauceville,6354
North Middlesex,6352
Amqui,6322
Sainte-Catherine-de-la-Jacques-Cartier,6319
Clarenville,6291
Mont-Joli,6281
Dysart et al,6280.00
Wainwright,6270
Contrecoeur,6252
Beresford,6248.00
Saint-Joseph-du-Lac,6195
Hope,6181
Gimli,6181
Douglas,6154.00
Saint-Apollinaire,6110
Hindon Hill,6088
Les Cèdres,6079
La Broquerie,6076
Kent,6067
Tweed,6044
Saint-Félix-de-Valois,6029
Bay Roberts,6012
Melfort,5992
Bonnyville,5975
Stettler,5952
Saint-Calixte,5934
Lac-Mégantic,5932
Perth,5930
Oliver Paipoonge,5922
Humboldt,5869
Charlemagne,5853
Pontiac,5850
St. Paul,5827
Petrolia,5742
Southwest Middlesex,5723
Front of Yonge,5710
Vegreville,5708
Sainte-Brigitte-de-Laval,5696
Princeville,5693
Verchères,5692
The Pas,5689
Saint-Césaire,5686
La Ronge,5671
Tay Valley,5665
South Bruce,5639
McMasterville,5615
Redcliff,5600
Crowsnest Pass,5589.00
Saint-Philippe,5495
Richelieu,5467
Notre-Dame-du-Mont-Carmel,5467
L'Ange-Gardien,5464
Sainte-Martine,5461
Saint-Pie,5438
Peachland,5428
Ashfield-Colborne-Wawanosh,5422
Trent Lakes,5397
Northern Rockies,5393
Cookshire,5393.00
West St. Paul,5368
Windsor,5367
L’Epiphanie,5353
Creston,5351
Smithers,5351
Cornwall,5348
Meadow Lake,5344
Lanark Highlands,5338
Sackville,5331
Grand Falls,5326
Cochrane,5321
Marystown,5316
Sioux Lookout,5272
Didsbury,5268
Saint-Honoré,5257
Fernie,5249
Deer Lake,5249
Woodstock,5228
Val-David,5209
Flin Flon,5185
Hudson,5165
Gananoque,5159
Brokenhead,5122.00
Saint-Paul,5122
Burton,5119.00
Spallumcheen,5106.00
Westlock,5101
Témiscouata-sur-le-Lac,5096
Shannon,5086
Osoyoos,5085
Montréal-Ouest,5085
Hearst,5070
Saint-Henri,5023
Ste. Anne,5003.00
Antigonish,5002
Espanola,4996
West Elgin,4995
Flin Flon (Part),4982.00
Grand Bay-Westfield,4964
Sainte-Anne-de-Bellevue,4958
North Huron,4932
Oliver,4928.00
Saint-Roch-de-l'Achigan,4892
Stirling-Rawdon,4882
Chisasibi,4872.00
Carbonear,4838
Saint Marys,4837.00
Chertsey,4836
Armstrong,4830
Stonewall,4809
Shippagan,4800.00
Lanoraie,4787
Memramcook,4778
Centre Hastings,4774
Warwick,4766
East Ferris,4750
Hanwell,4750.00
Saint-Joseph-de-Beauce,4722
Metchosin,4708
Lucan Biddulph,4700
Rivière-Rouge,4645
Greenstone,4636
Saint-Mathias-sur-Richelieu,4618
Neepawa,4609
Gibsons,4605
Kindersley,4597
Jasper,4590.00
Barrhead,4579
Les Coteaux,4568
Melville,4562
Saint-Germain-de-Grantham,4551
Iroquois Falls,4537
Havelock-Belmont-Methuen,4530
Cornwallis,4520.00
Saint-Boniface,4511
Edenwold No. 158,4490.00
Coverdale,4466.00
Vanderhoof,4439
Southwold,4421
Goulds,4418.00
Saint Stephen,4415
Waterloo,4410
Nipawin,4401
Neuville,4392
Saint-Cyrille-de-Wendover,4389
Central Frontenac,4373
Mont-Orford,4337.00
Saint-Jean-de-Matha,4335
Seguin,4304
Tyendinaga,4297
Hampton,4289
Sussex,4282
Grand Forks,4274
La Pocatière,4266
Caraquet,4248
Saint-Étienne-des-Grès,4217
Altona,4212
Stellarton,4208
Wolfville,4195
New Maryland,4174
Port Hardy,4132
Saint-Donat,4130
Château-Richer,4126
Madawaska Valley,4123
Deep River,4109
Asphodel-Norwood,4109
Red Lake,4107
Métabetchouan-Lac-à-la-Croix,4097
Berthierville,4091
Vermilion,4084
Niverville,4083
Hastings Highlands,4078
Carstairs,4077
Danville,4070
Channel-Port aux Basques,4067
Battleford,4065
Lac-Etchemin,4061
Saint-Antonin,4027
Saint-Jacques,4021
Swan River,4014
Sutton,4012.00
Northern Bruce Peninsula,3999
L’Islet-sur-Mer,3999
Carleton-sur-Mer,3991
Oka,3969
Prescott,3965
Amaranth,3963
Marmora and Lake,3953
Maniwaki,3930
Morin-Heights,3925
Dundas,3914.00
Napierville,3899
Crabtree,3887
Bancroft,3881
Saint-Tite,3880
Howick,3873
Dutton/Dunwich,3866
Callander,3863.00
Simonds,3843.00
Baie-d’Urfé,3823
New Richmond,3810
Perth South,3810
Roxton Pond,3786
Sparwood,3784
Claresholm,3780
Breslau,3778.00
Montague,3761
Cumberland,3753
Beaupré,3752
Saint-André-Avellin,3749
Saint-Ambroise-de-Kildare,3747
East Angus,3741
Rossland,3729
Mackenzie,3714
Golden,3708
Raymond,3708
Saint-Adolphe-d'Howard,3702
Warwick,3692
Bowen Island,3680
Bonnechere Valley,3674
Windsor,3648
Pincher Creek,3642
Alnwick,3640.00
Westville,3628
Fruitvale,3627
Pasadena,3620
Saint-Prosper,3605
Ormstown,3595
Cardston,3585
Westbank,3581.00
De Salaberry,3580
Headingley,3579
Grande Cache,3571.00
Atholville,3570
Saint-Agapit,3567
Prince Albert No. 461,3562.00
Casselman,3548
Saint-Ambroise,3546
Hay River,3528.00
Mistissini,3523.00
Studholm,3522.00
Lumby,3500
Saint-Faustin--Lac-Carré,3499.00
Morris-Turnberry,3496
Placentia,3496
Saint-Pascal,3490
Mulmur,3478
Blind River,3472
Dunham,3471
Havre-Saint-Pierre,3460
Saint-Anselme,3458
Trois-Pistoles,3456
Grande-Rivière,3456
Powassan,3455
Malartic,3449
Bonavista,3448
Killarney - Turtle Mountain,3429.00
Woodlands,3416.00
Lewisporte,3409
Saint-Denis-de-Brompton,3402
Invermere,3391
Salisbury,3388.00
Bifrost-Riverton,3378
Buckland No. 491,3375.00
Cartier,3368
Sainte-Anne-des-Lacs,3363
Highlands East,3343
Alexander,3333.00
Sainte-Claire,3325
Percé,3312
Saint-Jean-Port-Joli,3304
East Hawkesbury,3296
Bright,3289.00
Penhold,3277
Saint-André-d'Argenteuil,3275
Saint-Côme--Linière,3274
Saint-Sulpice,3273
Marathon,3273
Forestville,3270
Inuvik,3243.00
Richmond,3232
Lake Cowichan,3226
Sables-Spanish Rivers,3214
Hillsburg-Roblin-Shell River,3214.00
Port Hawkesbury,3214
Three Hills,3212
Lorette,3208.00
Paspebiac,3198
Saint-Thomas,3193
Saint-Jean-Baptiste,3191
Portneuf,3187
Pictou,3186
Tisdale,3180
Lake of Bays,3167.00
High Level,3159
Gibbons,3159
Bishops Falls,3156
WestLake-Gladstone,3154.00
Normandin,3137
Saint-Alphonse-Rodriguez,3134
Beauséjour,3126
Dalhousie,3126
Saint-Alphonse-de-Granby,3125
Lac du Bonnet,3121.00
Clermont,3118
Virden,3114
Compton,3112
White City,3099
Ellison,3094.00
Mont-Saint-Grégoire,3086
Wellington,3079.00
Merrickville,3067.00
Saint-Liboire,3051
Dégelis,3051
Morris,3047.00
Saint-Alexis-des-Monts,3046
Cap-Saint-Ignace,3045
Saint-Anaclet-de-Lessard,3035
Carman,3027
Athens,3013
Melancthon,3008
Cap Santé,2996
Harbour Grace,2995
Houston,2993
Adelaide-Metcalfe,2990
Crossfield,2983
Springdale,2971
Fort Macleod,2967
Athabasca,2965
Enderby,2964
Saint-Ferréol-les-Neiges,2964
Laurentian Hills,2961
Grand Valley,2956
Senneterre,2953
Sainte-Marie-Madeleine,2935
Admaston/Bromley,2935
Saint-Gabriel-de-Valcartier,2933
North Algona Wilberforce,2915
Kingston,2913.00
Wawa,2905
Saint-Christophe-d'Arthabaska,2892
Sainte-Mélanie,2892
Ascot Corner,2891
Horton,2887
Saint-Michel,2884
Botwood,2875
Saint-Paul-d'Abbotsford,2870
Saint-Marc-des-Carrières,2862
Stanstead,2857
Sainte-Anne-de-Beaupré,2854
Sainte-Luce,2851
Saint-Gabriel,2844
Rankin Inlet,2842.00
Vanscoy No. 345,2840.00
Cedar,2836.00
Princeton,2828
La Loche,2827
Kingsclear,2822.00
Ferme-Neuve,2822
Thurso,2818
Adstock,2806
Shuniah,2798
Enniskillen,2796
Yamachiche,2787
Saint-Maurice,2775
Bonaventure,2775
Val-Morin,2772
Pohénégamook,2770
Wakefield,2767.00
Stoke,2765
Sainte-Marguerite-du-Lac-Masson,2763.00
Saint-Prime,2758
Kuujjuaq,2754.00
Atikokan,2753
Grenville-sur-la-Rouge,2746
North Cypress-Langford,2745.00
Sainte-Anne-de-Sorel,2742
Macamic,2734
Sundre,2729
Rougemont,2723
Piedmont,2721
Grimshaw,2718
Lac-des-Écorces,2713
Northeastern Manitoulin and the Islands,2706
Pelican Narrows,2703
McDougall,2702
Black Diamond,2700
Saint-Pamphile,2685
Bedford,2684
Weedon-Centre,2683
Lacolle,2680
Saint-Gabriel-de-Brandon,2679
Errington,2677.00
Coalhurst,2668
French River / Rivière des Français,2662
Arviat,2657.00
Saint-David-de-Falardeau,2657
Markstay,2656.00
Spaniards Bay,2653
Cocagne,2649
Saint-Bruno,2636
Chetwynd,2635
Laurier-Station,2634
Saint-Anicet,2626
Saint-Mathieu-de-Beloeil,2624
Cap-Chat,2623
Sexsmith,2620
Notre-Dame-de-Lourdes,2595
Ville-Marie,2595
Saint-Isidore,2581
Shippegan,2580
East Garafraxa,2579
Pemberton,2574
Unity,2573
Rimbey,2567
High Prairie,2564
Turner Valley,2559
Hanna,2559
Fort Smith,2542.00
Maria,2536
Saint-Chrysostome,2522
Greater Madawaska,2518
Berwick,2509
Saint-Damase,2506
Lincoln,2504.00
Disraeli,2502
Sainte-Victoire-de-Sorel,2501
Meadow Lake No. 588,2501.00
Elkford,2499
Georgian Bay,2499
Saint-Alexandre,2495
Hérbertville,2491.00
Moosomin,2485
North Kawartha,2479
Sainte-Thècle,2478
Trenton,2474
Fermont,2474
Esterhazy,2472
Wickham,2470
La Présentation,2466
Beaverlodge,2465
Sainte-Catherine-de-Hatley,2464
Saint-Basile,2463
Saint-Raphaël,2463
Holyrood,2463
Gracefield,2462.00
Saint-Martin,2462
Causapscal,2458
Brigham,2457
Perry,2454
Port-Daniel--Gascons,2453
Rosetown,2451
Minnedosa,2449
Labelle,2445
Huntingdon,2444
Hébertville,2441
Black River-Matheson,2438
Saint-Michel-des-Saints,2436
Dufferin,2435.00
Saint-Victor,2430
Sicamous,2429
Cap Pele,2425.00
Kelsey,2424
Killaloe Hagarty and Richards,2420
Alvinston,2411.00
Dundurn No. 314,2404.00
Saint-Éphrem-de-Beauce,2400.00
Assiniboia,2389
Témiscaming,2385
Magrath,2374
Sainte-Geneviève-de-Berthier,2365
Buctouche,2361
Grand Manan,2360
Sainte-Madeleine,2356
Boissevain,2353.00
Scott,2352.00
Sainte-Croix,2352
Algonquin Highlands,2351
Valcourt,2349
Saint George,2341.00
Paquetville,2329.00
Saint-Dominique,2327
Clearwater,2324
Addington Highlands,2323
Lillooet,2321
Burin,2315
Grand Bank,2310
Léry,2307
Minto,2305
Rosthern No. 403,2300.00
Chase,2286
Mansfield-et-Pontefract,2285
Saint-Denis,2285
Outlook,2279
Mitchell,2279.00
Saint-Gédéon-de-Beauce,2277
Saint-Léonard-d'Aston,2271
Lunenburg,2263
Northesk,2263.00
Albanel,2262
St. Anthony,2258
Pessamit,2256.00
Maskinongé,2253
Saint-Charles-de-Bellechasse,2246
Fogo Island,2244
East Broughton,2229
Lantz,2229.00
Calmar,2228
Highlands,2225
Saint-Polycarpe,2224
Logy Bay-Middle Cove-Outer Cove,2221
Deschambault,2220.00
Canora,2219
Upper Miramichi,2218.00
Anmore,2210
Hardwicke,2201.00
Saint-Côme,2198
Waskaganish,2196.00
Twillingate,2196
Saint-Quentin,2194
Lebel-sur-Quévillon,2187
Pilot Butte,2183
Nanton,2181
Pierreville,2176
New-Wes-Valley,2172
Pennfield Ridge,2170.00
West Interlake,2162.00
Biggar,2161
Britannia No. 502,2153.00
Kent,2153.00
Wabana,2146
Saint-Gilles,2138
Wendake,2134.00
Saint-Bernard,2131
Sainte-Cécile-de-Milton,2128
Saint-Roch-de-Richelieu,2122
Saint-Nazaire,2114
Saint-Elzéar,2107
Hinchinbrooke,2103
Saint-François-Xavier-de-Brompton,2101
Papineauville,2101
Prairie View,2088.00
Cowichan Bay,2086.00
Saint-Ignace-de-Loyola,2086
Central Manitoulin,2084
Maple Creek,2084
Glovertown,2083
Tofield,2081
Madoc,2078
Upton,2075
Sainte-Anne-de-Sabrevois,2074
Logan Lake,2073
Sainte-Anne-de-la-Pérade,2072
Saint-Damien-de-Buckland,2071
Baker Lake,2069.00
Saltair,2069.00
Pouch Cove,2069
Saint-Ferdinand,2067
Port McNeill,2064
Digby,2060
Manouane,2060.00
Saint-Gervais,2058
Neebing,2055
Redwater,2053
Saint-Alexandre-de-Kamouraska,2050
Saint-Marc-sur-Richelieu,2050
Mandeville,2043
Caplan,2039
Point Edward,2037
Allardville,2032.00
Waterville,2028
Saint-Damien,2020
Lac-Nominingue,2019
Obedjiwan,2019.00
Rama,2016
McCreary,2011
Deloraine-Winchester,2011
Oakland-Wawanesa,2011
Brenda-Waskada,2011
Russell-Binscarth,2011
Ellice-Archie,2011
Souris-Glenwood,2011
Riverdale,2011
Pembina,2011
Wallace-Woodworth,2011
Lorne,2011
Ethelbert,2011
Yellowhead,2011
Swan Valley West,2011
Grey,2011
Gilbert Plains,2011
Norfolk-Treherne,2011
Hamiota,2011
Emerson-Franklin,2011
Sifton,2011
Rossburn,2011
Grand View,2011
Grassland,2011
Louise,2011
Ste. Rose,2011
Cartwright-Roblin,2011
Mossey River,2011
Lakeshore,2011
Riding Mountain West,2011
Clanwilliam-Erickson,2011
Glenboro-South Cypress,2011
North Norfolk,2011
Reinland,2011
Minitonas-Bowsman,2011
Kippens,2008
Blucher,2006.00
Hatley,2003
Saint-Gédéon,2001
Kingsey Falls,2000
Provost,1998
Saint-Charles,1997.00
Mattawa,1993
Tumbler Ridge,1987
Terrasse-Vaudreuil,1986
L'Ascension-de-Notre-Seigneur,1983
Bow Island,1983
Barraute,1980
One Hundred Mile House,1980.00
Kedgwick,1979
Gambo,1978
Saint-Liguori,1976
Bonfield,1975
Pointe-Lebel,1973
Saint Mary,1972.00
Saint-Patrice-de-Sherrington,1971
Fox Creek,1971
Dawn-Euphemia,1967
Chapleau,1964
Saint-Esprit,1963
Westfield Beach,1962.00
Montague,1961.00
Mashteuiatsh,1957.00
Saint-François-du-Lac,1957
Eel River Crossing,1953
Saint-Fulgence,1949
Millet,1945
Vallée-Jonction,1940
Saint-Georges-de-Cacouna,1939
Lumsden No. 189,1938.00
Manitouwadge,1937
Wellington,1932.00
Swift Current No. 137,1932.00
Tofino,1932.00
Fort Qu’Appelle,1919
Vulcan,1917
Indian Head,1910
Petit Rocher,1908
Wabush,1906
Saint-Fabien,1906
Watrous,1900.00
North Frontenac,1898
Lac-Supérieur,1892
Les Escoumins,1891
Richibucto,1887.00
Rivière-Beaudette,1885
Saint-Barthélemy,1883
Nisga'a,1880.00
Austin,1880
Saint-Mathieu,1879
Saint-Paul-de-l'Île-aux-Noix,1877
Orkney No. 244,1875.00
Behchokò,1874.00
Saint-Joseph-de-Coleraine,1870
Saint-Cyprien-de-Napierville,1869
Sayabec,1864
Valleyview,1863
Déléage,1856
Potton,1849
Sainte-Béatrix,1849
Sainte-Justine,1845
Eastman,1843.00
Saint-Valérien-de-Milton,1840
Saint-Cuthbert,1839
Saint-Blaise-sur-Richelieu,1837
Middleton,1832
Maugerville,1831.00
Dalmeny,1826
Kamsack,1825
Lumsden,1824
Trinity Bay North,1819
Saint-Michel-de-Bellechasse,1816
Sainte-Angèle-de-Monnoir,1812
Picture Butte,1810
Sacré-Coeur-Saguenay,1803.00
Saint-Louis,1802.00
Victoria,1800
Saint-Robert,1794
Armstrong,1792
Saint-Pierre-de-l'Île-d'Orléans,1789
La Guadeloupe,1787
Saint Andrews,1786
Burns Lake,1779
Povungnituk,1779.00
Manners Sutton,1777.00
Gore,1775
Deseronto,1774
Lamont,1774
Chambord,1773
Dudswell,1771
Wynyard,1767
Cambridge Bay,1766.00
Saint-Narcisse,1762
Frontenac Islands,1760
Waswanipi,1759.00
Inukjuak,1757.00
Piney,1755
Komoka,1754.00
Saint-Zacharie,1751
Hemmingford,1747
Shelburne,1743
Saint-Clet,1738
Carberry,1738
Brighton,1735.00
Saint-Antoine,1733
Warfield,1729
Northampton,1724.00
Saint-Ours,1721
Stephenville Crossing,1719
Sainte-Anne-de-la-Pocatière,1717
Ucluelet,1717
Saint-Placide,1715
Barrière,1713
Fisher,1708.00
Nipissing,1707
Sainte-Clotilde,1704
Shaunavon,1699
Wicklow,1697.00
Southesk,1694.00
Nouvelle,1689
Rosthern,1688
Yamaska,1687.00
Neguac,1684
Flat Rock,1683
Igloolik,1682.00
Grunthal,1680.00
Naramata,1676.00
Saint-Élie-de-Caxton,1676
Blumenort,1675.00
Balmoral,1674
Price,1673
Rosedale,1672.00
Saint-Jacques-le-Mineur,1672
Huron Shores,1664
Champlain,1664
Whitehead,1661.00
Saint-Antoine-sur-Richelieu,1659
Saint-Pacôme,1658
Saint-Stanislas-de-Kostka,1654
Frontenac,1650
Stuartburn,1648.00
Yamaska-Est,1644
Sainte-Émélie-de-l'Énergie,1644
Saint-Charles-sur-Richelieu,1643
Saint-Joseph-de-Sorel,1642.00
Nipigon,1642
Rivière-Blanche,1642
Sainte-Hélène-de-Bagot,1637
Franklin Centre,1636.00
Harbour Breton,1634
Massey Drive,1632
Mille-Isles,1629
Wilton No. 472,1629.00
Lyster,1628
Oakview,1626.00
Balgonie,1625
Harrison Park,1622.00
Kensington,1619
Witless Bay,1619
Pond Inlet,1617.00
Royston,1616.00
Sainte-Clotilde-de-Horton,1616
Burford,1615.00
Fossambault-sur-le-Lac,1613
Saint-Benoît-Labre,1612
Coombs,1612.00
Terrace Bay,1611
Chapais,1610
Saint-Honoré-de-Shenley,1610
Cleveland,1609
Macdonald Meredith and Aberdeen Additional,1609
Messines,1608
Saint-Jean-de-Dieu,1606
Nakusp,1605
Florenceville,1604
Saint-Antoine-de-Tilly,1604
Lakeview,1600.00
Humbermouth,1599
Fort St. James,1598
Saint-François-de-la-Rivière-du-Sud,1596
Saint-Jacques,1596.00
Uashat,1592.00
Perth,1590
Eeyou Istchee Baie-James,1589.00
Shellbrook No. 493,1587.00
Shawville,1587
Saint-Lucien,1584
Lambton,1584
Saint-Laurent-de-l'Île-d'Orléans,1580
Saint-Flavien,1578
Grenville,1577
Chute-aux-Outardes,1577
Sainte-Marcelline-de-Kildare,1567
Saint-Félix-de-Kingsey,1563
Upper Island Cove,1561
Glenelg,1560.00
Sainte-Élisabeth,1559
Ashcroft,1558
Clarkes Beach,1558
Saint-Bernard-de-Lacolle,1549
Belledune,1548
Saint-Guillaume,1547
Venise-en-Québec,1547
Maliotenam,1542.00
Ripon,1542
Hilliers,1540.00
Saint-Joseph,1538.00
Saint-Paulin,1534
Bon Accord,1529
Saint David,1529.00
Saint-Albert,1526
Matagami,1526
Springfield,1525.00
Amherst,1524
Notre-Dame-du-Laus,1518
St. George,1517
Wembley,1516
Victoria,1514.00
Springbrook,1507.00
Saint-Tite-des-Caps,1506
Hudson Bay,1504
Pinawa,1504.00
Brudenell Lyndoch and Raglan,1503
Carlyle,1503
Keremeos,1502
Val-Joli,1501
Gold River,1500
Saint-Casimir,1500
Bay Bulls,1500
Langham,1496
Frenchman Butte,1494.00
Gordon,1493.00
Kugluktuk,1491.00
Saint-Malachie,1489
Southampton,1484.00
Salluit,1483.00
Pangnirtung,1481.00
Saint-Louis-de-Gonzague,1481
Moosonee,1481
Englehart,1479
Saint-Urbain,1474
Tring-Jonction,1473
Nauwigewauk,1472.00
Pointe-à-la-Croix,1472
Denmark,1471.00
Saint-Joachim,1471
Torch River No. 488,1471.00
Saint-Théodore-d'Acton,1471
Grindrod,1470.00
L’ Îsle-Verte,1469
Harrison Hot Springs,1468
Palmarolle,1465
Henryville,1464
Sussex Corner,1461.00
Saint-Odilon-de-Cranbourne,1459
Pipestone,1458.00
Laurierville,1454
La Doré,1453
Lac-au-Saumon,1453
Wotton,1453
Prairie Lakes,1453.00
Elk Point,1452
Shellbrook,1444
Wemindji,1444.00
Cape Dorset,1441.00
Strong,1439
Lappe,1436.00
Rivière-Héva,1433
Fort-Coulonge,1433
Irishtown-Summerside,1418
Godmanchester,1417
Macklin,1415
Armour,1414
Saint-Simon,1413.00
St. François Xavier,1411
Tingwick,1410.00
Saint-Aubert,1409
Saint-Mathieu-du-Parc,1407
Wabasca,1406.00
Ragueneau,1405
Notre-Dame-du-Bon-Conseil,1404
Wasagamack,1403.00
Saint-Ubalde,1403
Creighton,1402
Fortune,1401
Faraday,1401
Berthier-sur-Mer,1398
Frampton,1393
Magnetawan,1390
New Carlisle,1388
Laird No. 404,1387.00
Petitcodiac,1383
Popkum,1382.00
Norton,1382
Canwood No. 494,1381.00
Wentworth-Nord,1381
Bas Caraquet,1380
Sainte-Ursule,1375
Dawson,1375.00
Nantes,1374
Lac-aux-Sables,1373
Stewiacke,1373
Taylor,1373
Rosser,1372
Estevan No. 5,1370.00
Falmouth,1368.00
Vaudreuil-sur-le-Lac,1359
Grahamdale,1359.00
Cardwell,1353.00
Two Hills,1352
Spiritwood No. 496,1347.00
Legal,1345
Amulet,1340.00
Hérouxville,1340
Pointe-des-Cascades,1340
Weldford,1338.00
Reynolds,1338.00
St. Laurent,1338.00
Lions Bay,1334
L'Isle-aux-Allumettes,1334
Emo,1333
Sainte-Brigide-d'Iberville,1331
Les Éboulements,1331
Dunsmuir,1330.00
Pointe-aux-Outardes,1330
Smooth Rock Falls,1330
Oxbow,1328
Telkwa,1327
Gjoa Haven,1324.00
Sainte-Barbe,1324
Mayerthorpe,1320
Saint-Louis-du-Ha! Ha!,1318
Powerview-Pine Falls,1316.00
Baie Verte,1313
Saint-Édouard,1312
Charlo,1310
Hillsborough,1308.00
Bruederheim,1308
Burgeo,1307
Wadena,1306
Richmond,1303.00
Swan Hills,1301
Wilkie,1301
Saint-Léonard,1300
Rivière-Bleue,1299
Noyan,1297
Ile-à-la-Crosse,1296
Landmark,1292.00
Saint-Hugues,1292
Chisholm,1291
Sainte-Anne-du-Sault,1290.00
La Conception,1287
Saint-Valère,1286
Sorrento,1285.00
Lamèque,1285
Thessalon,1279
L'Isle-aux-Coudres,1279
Nobleford,1278
Larouche,1277
South Qu'Appelle No. 157,1275.00
Elton,1273.00
Lorrainville,1272.00
Conestogo,1270.00
Upham,1269.00
St.-Charles,1269.00
Sainte-Lucie-des-Laurentides,1269
Saint-Alexis,1267
Gillam,1265
Roxton Falls,1265
Montcalm,1260.00
Clarendon,1256
Mervin No. 499,1256.00
Saint-Ludger,1255
Coldwell,1254.00
Saint-Arsène,1253
Racine,1252
Saint-Majorique-de-Grantham,1251
Saint-Zénon,1250
Saint-Armand,1248
Saint-Édouard-de-Lotbinière,1248
Alonsa,1247.00
Listuguj,1241.00
Bowden,1240
St. Joseph,1240
Osler,1237
Saint-Hubert-de-Rivière-du-Loup,1235
Saint-Jude,1235
Dildo,1234.00
La Minerve,1234
Lanigan,1233
Lajord No. 128,1232.00
Moonbeam,1231
Notre-Dame-des-Pins,1227
Saint-Alban,1225
Saint-Pierre-les-Becquets,1223
Arborg,1222
Vauxhall,1222
Bayfield,1218.00
Beaver River,1216.00
Irricana,1216
Labrecque,1215
New Bandon,1214.00
Wemotaci,1213.00
Sainte-Hénédine,1212
L'Anse-Saint-Jean,1208
Bassano,1206
Parrsboro,1205.00
Kaleden,1203.00
St. George's,1203
Fort Simpson,1202.00
Akwesasne,1202.00
L’Avenir,1202
Ignace,1202
Claremont,1202.00
Teulon,1201
Peel,1196.00
Musquash,1194.00
Notre-Dame-du-Portage,1193
St. Lawrence,1192
Oxford,1190
Minto-Odanah,1189.00
St. Alban's,1186
Saint James,1186.00
Saint-Norbert-d'Arthabaska,1185
Manning,1183
Glenella-Lansdowne,1181.00
Saint-Hilarion,1181
Saint-Siméon,1179
Saint-Barnabé,1179
Sainte-Félicité,1175
Two Borders,1175.00
Queensbury,1174.00
Bury,1174
Lac-Bouchette,1174
Saint-Lazare-de-Bellechasse,1172
Saint-Michel-du-Squatec,1171
Saint-Joachim-de-Shefford,1171
St-Pierre-Jolys,1170
Grand-Remous,1168
Saint-Gabriel-de-Rimouski,1167.00
Armstrong,1166
Rogersville,1166
Langenburg,1165
Sainte-Marie-Salomé,1164
Moose Jaw No. 161,1163.00
Saint-Cyprien,1163
Maidstone,1156
Très-Saint-Sacrement,1155
Battle River No. 438,1154.00
Miltonvale Park,1153
McAdam,1151
Saints-Anges,1149
Saint-Urbain-Premier,1148
Centreville-Wareham-Trinity,1147
Alberton,1145
Winnipeg Beach,1145
Sainte-Agathe-de-Lotbinière,1145
Salmo,1141
Kipling,1140
Sagamok,1140.00
Trécesson,1138
Tara,1138.00
Grande-Vallée,1137
Bertrand,1137
Newcastle,1136.00
Mont-Carmel,1136
Saint Martins,1132.00
Saint-Eugène,1131
Notre-Dame-des-Neiges,1129
Saint-André,1129.00
Centreville,1129.00
Roland,1129.00
Saint-Léon-de-Standon,1128
Saint-Modeste,1128
Carnduff,1126
Carling,1125
Eckville,1125
Nain,1125
Hillsburgh,1124.00
Foam Lake,1123
Sainte-Sabine,1120
Saint-Maxime-du-Mont-Louis,1118
Blanc-Sablon,1118
Cobalt,1118
Gravelbourg,1116
South River,1114
Hudson Bay No. 394,1114.00
McKellar,1111
Frelighsburg,1111.00
Buffalo Narrows,1110
Ayer’s Cliff,1109
Les Méchins,1107
Sainte-Marguerite,1107
Saint-Claude,1106
Air Ronge,1106
Chipman,1104
Girardville,1100
Saint-Bruno-de-Guigues,1100
Grenfell,1099
Dorchester,1096
South Algonquin,1096
Windermere,1092.00
Saint-Narcisse-de-Beaurivage,1091
Saint-René-de-Matane,1089
Sainte-Jeanne-d'Arc,1089
Plaisance,1088
Roxton-Sud,1086.00
St. Louis No. 431,1086.00
Youbou,1086.00
Duchess,1085
Saint-Frédéric,1085
Viking,1083
Sioux Narrows-Nestor Falls,1082
Whitecourt,1082
Repulse Bay,1082.00
Montréal-Est,1082
King,1082
Regina Beach,1081
Saint-Patrice-de-Beaurivage,1080
Ootischenia,1080.00
Hensall,1078.00
Bentley,1078
Durham,1076.00
Sainte-Marthe,1075
Notre-Dame-du-Nord,1075
Pinehouse,1074
Saint-Aimé-des-Lacs,1073
Lac-Drolet,1071
Preeceville,1070
Maple Creek No. 111,1068.00
Harbour Main-Chapel's Cove-Lakeview,1067
Saint-Wenceslas,1064
Weyburn No. 67,1064.00
Birch Hills,1064
Wedgeport,1061.00
Kerrobert,1061
Havelock,1061.00
Eston,1061
Sainte-Geneviève-de-Batiscan,1060
Saint-Justin,1060
Saint-Norbert,1059
Schreiber,1059
Trochu,1058
Botsford,1058.00
Riviere-Ouelle,1058
Greenwich,1058.00
Stukely-Sud,1058
Saint-Georges-de-Clarenceville,1056
Sainte-Thérèse-de-Gaspé,1055
Beachburg,1054.00
Desbiens,1053
Clyde River,1053.00
La Macaza,1053
Souris,1053
Kindersley No. 290,1049.00
Laird,1047
Falher,1047
Saint-Vallier,1046
Coleraine,1043.00
Melita,1042
Noonan,1042.00
Sainte-Pétronille,1041
Delisle,1038
Bristol,1036
Mahone Bay,1036
Waldheim,1035
Saint-Sylvestre,1035
Taloyoak,1029.00
Onoway,1029
Saint-Stanislas,1029
Malpeque,1029
Plantagenet,1027.00
Longue-Rive,1026
Argyle,1025
Davidson,1025
Plaster Rock,1023
Wilmot,1022.00
Valemount,1021.00
Saint-Léonard-de-Portneuf,1019
Alberta Beach,1018
Saint-Narcisse-de-Rimouski,1017
Saint-Bonaventure,1017
Longlaketon No. 219,1016.00
Papineau-Cameron,1016
Assiginack,1013
Brébeuf,1012
Hudson Hope,1012
Prince,1010
Baie-du-Febvre,1010
Durham-Sud,1008
Melbourne,1004
Nipawin No. 487,1004.00
Duck Lake No. 463,1004.00
Oyen,1001
